metode,nilai
Online,72
Online,71
Online,72
Online,74
Online,71
Online,71
Online,74
Online,73
Online,70
Online,72
Online,70
Online,70
Online,71
Online,67
Online,68
Online,70
Online,69
Online,72
Online,69
Online,68
Online,74
Online,71
Online,71
Online,68
Online,70
Online,71
Online,69
Online,72
Online,70
Online,70
Online,70
Online,75
Online,71
Online,69
Online,73
Online,69
Online,71
Online,67
Online,68
Online,71
Online,72
Online,71
Online,71
Online,70
Online,68
Online,70
Online,70
Online,73
Online,72
Online,67
Online,72
Online,70
Online,70
Online,72
Online,73
Online,73
Online,69
Online,70
Online,72
Online,73
Online,70
Online,71
Online,69
Online,69
Online,73
Online,74
Online,71
Online,73
Online,72
Online,70
Online,72
Online,74
Online,71
Online,74
Online,66
Online,73
Online,71
Online,70
Online,71
Online,67
Online,71
Online,72
Online,74
Online,70
Online,69
Online,70
Online,73
Online,72
Online,70
Online,72
Online,71
Online,73
Online,70
Online,70
Online,70
Online,68
Online,72
Online,72
Online,71
Online,71
Online,68
Online,70
Online,70
Online,69
Online,71
Online,72
Online,75
Online,71
Online,72
Online,71
Online,67
Online,71
Online,71
Online,76
Online,71
Online,72
Online,71
Online,69
Online,73
Online,73
Online,73
Online,69
Online,74
Online,68
Online,72
Online,75
Online,69
Online,70
Online,71
Online,70
Online,68
Online,71
Online,69
Online,72
Online,69
Online,74
Online,69
Online,70
Online,73
Online,69
Online,71
Online,74
Online,68
Online,71
Online,72
Online,73
Online,69
Online,68
Online,72
Online,72
Online,72
Online,72
Online,70
Online,71
Online,72
Online,70
Online,75
Online,72
Online,69
Online,72
Online,69
Online,73
Online,73
Online,69
Online,73
Online,72
Online,73
Online,75
Online,71
Online,69
Online,69
Online,69
Online,71
Online,72
Online,72
Online,73
Online,71
Online,74
Online,70
Online,76
Online,72
Online,69
Online,69
Online,72
Online,71
Online,72
Online,72
Online,71
Online,69
Online,68
Online,70
Online,73
Online,71
Online,69
Online,71
Online,72
Online,69
Online,71
Online,71
Online,69
Online,72
Online,72
Online,73
Online,73
Online,68
Online,69
Online,72
Online,72
Online,72
Online,79
Online,72
Online,73
Online,73
Online,72
Online,70
Online,73
Online,69
Online,71
Online,70
Online,71
Online,76
Online,67
Online,72
Online,68
Online,70
Online,73
Online,71
Online,69
Online,70
Online,72
Online,70
Online,71
Online,71
Online,70
Online,75
Online,72
Online,67
Online,71
Online,70
Online,73
Online,69
Online,71
Online,72
Online,73
Online,69
Online,70
Online,70
Online,70
Online,75
Online,72
Online,68
Online,73
Online,75
Online,73
Online,68
Online,70
Online,74
Online,70
Online,72
Online,73
Online,69
Online,71
Online,65
Online,69
Online,70
Online,69
Online,74
Online,68
Online,70
Online,71
Online,74
Online,68
Online,73
Online,71
Online,69
Online,72
Online,71
Online,70
Online,71
Online,70
Online,71
Online,72
Online,74
Online,69
Online,75
Online,67
Online,71
Online,72
Online,72
Online,70
Online,71
Online,70
Online,70
Online,73
Online,72
Online,70
Online,73
Online,72
Online,73
Online,72
Online,69
Online,70
Online,72
Online,72
Online,71
Online,71
Online,74
Online,70
Online,72
Online,71
Online,71
Online,73
Online,73
Online,73
Online,74
Online,71
Online,72
Online,70
Online,72
Online,71
Online,71
Online,72
Online,69
Online,75
Online,69
Online,69
Online,73
Online,73
Online,72
Online,72
Online,71
Online,69
Online,71
Online,70
Tatap Muka,86
Tatap Muka,85
Tatap Muka,84
Tatap Muka,85
Tatap Muka,86
Tatap Muka,84
Tatap Muka,84
Tatap Muka,85
Tatap Muka,85
Tatap Muka,84
Tatap Muka,84
Tatap Muka,85
Tatap Muka,83
Tatap Muka,83
Tatap Muka,84
Tatap Muka,85
Tatap Muka,85
Tatap Muka,87
Tatap Muka,86
Tatap Muka,85
Tatap Muka,85
Tatap Muka,83
Tatap Muka,85
Tatap Muka,85
Tatap Muka,85
Tatap Muka,84
Tatap Muka,86
Tatap Muka,87
Tatap Muka,85
Tatap Muka,86
Tatap Muka,86
Tatap Muka,84
Tatap Muka,85
Tatap Muka,85
Tatap Muka,85
Tatap Muka,84
Tatap Muka,85
Tatap Muka,86
Tatap Muka,87
Tatap Muka,86
Tatap Muka,88
Tatap Muka,84
Tatap Muka,86
Tatap Muka,85
Tatap Muka,88
Tatap Muka,84
Tatap Muka,84
Tatap Muka,84
Tatap Muka,82
Tatap Muka,84
Tatap Muka,84
Tatap Muka,85
Tatap Muka,86
Tatap Muka,88
Tatap Muka,86
Tatap Muka,84
Tatap Muka,84
Tatap Muka,86
Tatap Muka,83
Tatap Muka,88
Tatap Muka,87
Tatap Muka,84
Tatap Muka,82
Tatap Muka,87
Tatap Muka,85
Tatap Muka,87
Tatap Muka,83
Tatap Muka,84
Tatap Muka,85
Tatap Muka,85
Tatap Muka,84
Tatap Muka,86
Tatap Muka,83
Tatap Muka,85
Tatap Muka,85
Tatap Muka,86
Tatap Muka,86
Tatap Muka,83
Tatap Muka,83
Tatap Muka,87
Tatap Muka,85
Tatap Muka,84
Tatap Muka,87
Tatap Muka,85
Tatap Muka,87
Tatap Muka,85
Tatap Muka,88
Tatap Muka,88
Tatap Muka,85
Tatap Muka,86
Tatap Muka,86
Tatap Muka,87
Tatap Muka,84
Tatap Muka,86
Tatap Muka,87
Tatap Muka,82
Tatap Muka,83
Tatap Muka,82
Tatap Muka,85
Tatap Muka,86
Tatap Muka,87
Tatap Muka,85
Tatap Muka,87
Tatap Muka,83
Tatap Muka,82
Tatap Muka,85
Tatap Muka,86
Tatap Muka,85
Tatap Muka,82
Tatap Muka,85
Tatap Muka,83
Tatap Muka,86
Tatap Muka,86
Tatap Muka,84
Tatap Muka,84
Tatap Muka,83
Tatap Muka,85
Tatap Muka,86
Tatap Muka,84
Tatap Muka,86
Tatap Muka,84
Tatap Muka,84
Tatap Muka,85
Tatap Muka,83
Tatap Muka,84
Tatap Muka,83
Tatap Muka,88
Tatap Muka,85
Tatap Muka,84
Tatap Muka,85
Tatap Muka,85
Tatap Muka,85
Tatap Muka,86
Tatap Muka,86
Tatap Muka,84
Tatap Muka,84
Tatap Muka,85
Tatap Muka,82
Tatap Muka,83
Tatap Muka,87
Tatap Muka,87
Tatap Muka,85
Tatap Muka,86
Tatap Muka,85
Tatap Muka,90
Tatap Muka,87
Tatap Muka,85
Tatap Muka,84
Tatap Muka,83
Tatap Muka,85
Tatap Muka,84
Tatap Muka,83
Tatap Muka,84
Tatap Muka,83
Tatap Muka,88
Tatap Muka,86
Tatap Muka,85
Tatap Muka,87
Tatap Muka,85
Tatap Muka,84
Tatap Muka,87
Tatap Muka,86
Tatap Muka,83
Tatap Muka,85
Tatap Muka,84
Tatap Muka,83
Tatap Muka,86
Tatap Muka,88
Tatap Muka,83
Tatap Muka,86
Tatap Muka,84
Tatap Muka,84
Tatap Muka,84
Tatap Muka,84
Tatap Muka,85
Tatap Muka,84
Tatap Muka,85
Tatap Muka,85
Tatap Muka,85
Tatap Muka,84
Tatap Muka,84
Tatap Muka,86
Tatap Muka,86
Tatap Muka,84
Tatap Muka,85
Tatap Muka,86
Tatap Muka,82
Tatap Muka,86
Tatap Muka,84
Tatap Muka,86
Tatap Muka,84
Tatap Muka,82
Tatap Muka,83
Tatap Muka,85
Tatap Muka,85
Tatap Muka,84
Tatap Muka,86
Tatap Muka,83
Tatap Muka,85
Tatap Muka,83
Tatap Muka,84
Tatap Muka,85
Tatap Muka,84
Tatap Muka,84
Tatap Muka,87
Tatap Muka,84
Tatap Muka,86
Tatap Muka,83
Tatap Muka,86
Tatap Muka,87
Tatap Muka,81
Tatap Muka,84
Tatap Muka,86
Tatap Muka,85
Tatap Muka,86
Tatap Muka,84
Tatap Muka,85
Tatap Muka,85
Tatap Muka,87
Tatap Muka,85
Tatap Muka,86
Tatap Muka,84
Tatap Muka,84
Tatap Muka,84
Tatap Muka,86
Tatap Muka,84
Tatap Muka,85
Tatap Muka,88
Tatap Muka,86
Tatap Muka,85
Tatap Muka,87
Tatap Muka,84
Tatap Muka,82
Tatap Muka,83
Tatap Muka,82
Tatap Muka,84
Tatap Muka,85
Tatap Muka,88
Tatap Muka,85
Tatap Muka,85
Tatap Muka,86
Tatap Muka,82
Tatap Muka,85
Tatap Muka,86
Tatap Muka,83
Tatap Muka,87
Tatap Muka,86
Tatap Muka,84
Tatap Muka,86
Tatap Muka,88
Tatap Muka,85
Tatap Muka,85
Tatap Muka,84
Tatap Muka,84
Tatap Muka,86
Tatap Muka,84
Tatap Muka,85
Tatap Muka,84
Tatap Muka,86
Tatap Muka,86
Tatap Muka,87
Tatap Muka,84
Tatap Muka,85
Tatap Muka,84
Tatap Muka,84
Tatap Muka,86
Tatap Muka,86
Tatap Muka,84
Tatap Muka,86
Tatap Muka,87
Tatap Muka,86
Tatap Muka,88
Tatap Muka,84
Tatap Muka,83
Tatap Muka,82
Tatap Muka,87
Tatap Muka,86
Tatap Muka,85
Tatap Muka,85
Tatap Muka,83
Tatap Muka,89
Tatap Muka,85
Tatap Muka,85
Tatap Muka,86
Tatap Muka,86
Tatap Muka,85
Tatap Muka,84
Tatap Muka,86
Tatap Muka,88
Tatap Muka,87
Tatap Muka,87
Tatap Muka,84
Tatap Muka,84
Tatap Muka,85
Tatap Muka,85
Tatap Muka,87
Tatap Muka,82
Tatap Muka,87
Tatap Muka,85
Tatap Muka,84
Tatap Muka,83
Tatap Muka,83
Tatap Muka,86
Tatap Muka,85
Tatap Muka,83
Tatap Muka,83
Tatap Muka,84
Tatap Muka,88
Tatap Muka,85
Tatap Muka,83
Tatap Muka,85
Tatap Muka,85
Tatap Muka,81
Tatap Muka,85
Tatap Muka,85
Tatap Muka,86
Tatap Muka,88
Tatap Muka,87
Tatap Muka,85
Tatap Muka,83
Tatap Muka,89
Tatap Muka,85
Tatap Muka,85
Tatap Muka,85
Tatap Muka,85
Tatap Muka,85
Tatap Muka,84
Tatap Muka,84
Tatap Muka,85
Tatap Muka,84
Tatap Muka,84
Tatap Muka,85
Tatap Muka,85
Mandiri,66
Mandiri,60
Mandiri,66
Mandiri,66
Mandiri,61
Mandiri,63
Mandiri,63
Mandiri,62
Mandiri,63
Mandiri,62
Mandiri,67
Mandiri,65
Mandiri,66
Mandiri,65
Mandiri,62
Mandiri,63
Mandiri,65
Mandiri,62
Mandiri,65
Mandiri,64
Mandiri,63
Mandiri,65
Mandiri,65
Mandiri,63
Mandiri,66
Mandiri,62
Mandiri,65
Mandiri,65
Mandiri,64
Mandiri,64
Mandiri,62
Mandiri,65
Mandiri,64
Mandiri,63
Mandiri,66
Mandiri,63
Mandiri,62
Mandiri,62
Mandiri,65
Mandiri,62
Mandiri,67
Mandiri,61
Mandiri,67
Mandiri,64
Mandiri,64
Mandiri,63
Mandiri,65
Mandiri,64
Mandiri,66
Mandiri,64
Mandiri,64
Mandiri,63
Mandiri,64
Mandiri,64
Mandiri,61
Mandiri,62
Mandiri,65
Mandiri,64
Mandiri,64
Mandiri,64
Mandiri,65
Mandiri,63
Mandiri,63
Mandiri,64
Mandiri,63
Mandiri,65
Mandiri,61
Mandiri,66
Mandiri,65
Mandiri,64
Mandiri,65
Mandiri,66
Mandiri,66
Mandiri,61
Mandiri,62
Mandiri,63
Mandiri,64
Mandiri,65
Mandiri,63
Mandiri,64
Mandiri,63
Mandiri,63
Mandiri,62
Mandiri,63
Mandiri,62
Mandiri,63
Mandiri,66
Mandiri,63
Mandiri,68
Mandiri,65
Mandiri,64
Mandiri,63
Mandiri,65
Mandiri,63
Mandiri,64
Mandiri,68
Mandiri,64
Mandiri,66
Mandiri,63
Mandiri,64
Mandiri,67
Mandiri,63
Mandiri,67
Mandiri,65
Mandiri,63
Mandiri,65
Mandiri,65
Mandiri,65
Mandiri,62
Mandiri,63
Mandiri,64
Mandiri,64
Mandiri,65
Mandiri,64
Mandiri,62
Mandiri,65
Mandiri,65
Mandiri,65
Mandiri,66
Mandiri,65
Mandiri,65
Mandiri,64
Mandiri,62
Mandiri,65
Mandiri,64
Mandiri,64
Mandiri,62
Mandiri,62
Mandiri,66
Mandiri,64
Mandiri,65
Mandiri,64
Mandiri,64
Mandiri,65
Mandiri,63
Mandiri,64
Mandiri,63
Mandiri,63
Mandiri,64
Mandiri,64
Mandiri,63
Mandiri,66
Mandiri,63
Mandiri,64
Mandiri,63
Mandiri,66
Mandiri,64
Mandiri,66
Mandiri,62
Mandiri,64
Mandiri,65
Mandiri,64
Mandiri,66
Mandiri,63
Mandiri,66
Mandiri,67
Mandiri,63
Mandiri,63
Mandiri,66
Mandiri,66
Mandiri,63
Mandiri,63
Mandiri,64
Mandiri,62
Mandiri,63
Mandiri,62
Mandiri,63
Mandiri,64
Mandiri,64
Mandiri,66
Mandiri,63
Mandiri,65
Mandiri,64
Mandiri,64
Mandiri,65
Mandiri,62
Mandiri,65
Mandiri,64
Mandiri,65
Mandiri,64
Mandiri,68
Mandiri,63
Mandiri,63
Mandiri,63
Mandiri,63
Mandiri,63
Mandiri,66
Mandiri,66
Mandiri,63
Mandiri,63
Mandiri,65
Mandiri,63
Mandiri,65
Mandiri,64
Mandiri,62
Mandiri,66
Mandiri,67
Mandiri,63
Mandiri,63
Mandiri,64
Mandiri,65
Mandiri,65
Mandiri,67
Mandiri,64
Mandiri,63
Mandiri,62
Mandiri,63
Mandiri,64
Mandiri,67
Mandiri,63
Mandiri,64
Mandiri,64
Mandiri,66
Mandiri,68
Mandiri,63
Mandiri,63
Mandiri,66
Mandiri,65
Mandiri,67
Mandiri,65
Mandiri,63
Mandiri,65
Mandiri,66
Mandiri,65
Mandiri,65
Mandiri,66
Mandiri,66
Mandiri,66
Mandiri,65
Mandiri,64
Mandiri,64
Mandiri,66
Mandiri,63
Mandiri,65
Mandiri,63
Mandiri,64
Mandiri,66
Mandiri,64
Mandiri,64
Mandiri,62
Mandiri,65
Mandiri,65
Mandiri,67
Mandiri,64
Mandiri,64
Mandiri,64
Mandiri,66
Mandiri,64
Mandiri,64
Mandiri,65
Mandiri,64
Mandiri,63
Mandiri,64
Mandiri,66
Mandiri,62
Mandiri,64
Mandiri,63
Mandiri,66
Mandiri,62
Mandiri,63
Mandiri,65
Mandiri,66
Mandiri,64
Mandiri,63
Mandiri,67
Mandiri,62
Mandiri,61
Mandiri,65
Mandiri,63
Mandiri,62
Mandiri,65
Mandiri,64
Mandiri,63
Mandiri,62
Mandiri,65
Mandiri,65
Mandiri,64
Mandiri,67
Mandiri,62
Mandiri,62
Mandiri,63
Mandiri,64
Mandiri,64
Mandiri,64
Mandiri,65
Mandiri,62
Mandiri,66
Mandiri,64
Mandiri,66
Mandiri,65
Mandiri,65
Mandiri,65
Mandiri,65
Mandiri,65
Mandiri,66
Mandiri,64
Mandiri,65
Mandiri,64
Mandiri,66
Mandiri,63
Mandiri,67
Mandiri,64
Mandiri,62
Mandiri,64
Mandiri,63
Mandiri,65
Mandiri,63
Mandiri,63
Mandiri,61
Mandiri,63
Mandiri,60
Mandiri,62
Mandiri,65
Mandiri,65
Mandiri,65
Mandiri,63
Mandiri,64
Mandiri,64
Mandiri,62
Mandiri,66
Mandiri,65
Mandiri,64
Mandiri,64
Mandiri,64
Mandiri,61
Mandiri,64
Mandiri,63
Mandiri,62
Mandiri,64
Mandiri,67
Mandiri,65
Mandiri,63
Mandiri,65
